ERR20616084256	ERR20616084256
ERR20616086656	ERR20616086656
ERR20616086656	ERR20616081976
ERR20616086656	ERR20616084344
ERR20616086656	ERR20616083336
ERR20616086656	ERR20616082928
ERR20616086656	ERR20616086040
ERR20616086656	ERR20616086592
ERR20616086656	ERR20616086000
ERR20616086656	ERR20616084152
ERR20616086656	ERR20616083384
ERR20616086656	ERR20616083752
ERR20616086656	ERR20616087248
ERR20616086656	ERR20616081096
ERR20616086656	ERR20616084976
ERR20616086656	ERR20616082496
ERR20616083856	ERR20616083856
ERR20616083856	ERR20616084288
ERR20616083856	ERR20616081016
ERR20616083856	ERR20616086976
ERR20616083856	ERR20616084872
ERR20616083856	ERR20616085928
ERR20616083856	ERR20616081968
ERR2061608824	ERR2061608824
ERR20616084592	ERR20616084592
ERR20616085992	ERR20616085992
ERR20616084904	ERR20616084904
ERR20616084904	ERR20616085776
ERR20616084904	ERR20616085536
ERR20616084904	ERR20616081056
ERR20616084904	ERR20616081080
ERR20616081424	ERR20616081424
ERR20616084544	ERR20616084544
ERR2061608968	ERR2061608968
ERR2061608968	ERR2061608992
ERR20616085056	ERR20616085056
ERR20616081216	ERR20616081216
ERR20616087200	ERR20616087200
ERR20616087200	ERR20616083328
ERR20616087200	ERR20616084328
ERR20616087200	ERR20616084408
ERR20616087200	ERR20616087208
ERR20616087200	ERR20616087328
ERR20616087200	ERR20616084240
ERR20616087200	ERR20616084336
ERR20616087200	ERR20616083736
ERR20616087200	ERR20616084864
ERR20616087200	ERR20616084352
ERR20616087200	ERR20616087280
ERR20616087200	ERR20616083872
ERR20616087200	ERR20616087360
ERR20616087200	ERR20616081632
ERR20616087200	ERR20616084920
ERR20616087200	ERR20616083840
ERR20616087200	ERR20616084400
ERR20616087200	ERR20616082936
ERR20616087200	ERR20616087320
ERR20616087200	ERR2061608440
ERR20616087200	ERR20616086992
ERR20616087200	ERR20616083688
ERR20616087200	ERR20616087192
ERR20616087200	ERR20616083680
ERR20616087200	ERR20616082728
ERR20616087200	ERR20616082832
ERR20616087200	ERR20616081760
ERR20616087200	ERR20616087272
ERR20616087200	ERR20616086208
ERR20616087200	ERR20616084912
ERR20616087200	ERR20616084416
ERR20616087200	ERR20616084840
ERR20616087200	ERR20616085968
ERR20616087200	ERR20616081944
ERR20616087200	ERR20616084296
ERR20616087200	ERR20616083136
ERR20616087200	ERR20616085712
ERR20616087200	ERR20616086064
ERR20616087200	ERR20616087072
ERR20616081400	ERR20616081400
ERR20616083432	ERR20616083432
ERR20616081616	ERR20616081616
ERR20616085488	ERR20616085488
ERR20616082416	ERR20616082416
ERR20616082416	ERR20616081048
ERR20616084368	ERR20616084368
ERR20616084368	ERR20616081104
ERR20616084368	ERR20616086480
ERR20616084368	ERR20616084896
ERR20616084368	ERR20616084168
ERR20616084368	ERR20616081864
ERR20616084368	ERR20616083784
ERR20616084368	ERR2061608776
ERR20616084368	ERR20616082400
ERR20616084368	ERR20616082432
ERR20616084368	ERR20616087128
ERR20616084368	ERR20616086512
ERR20616084368	ERR20616084888
ERR20616084368	ERR20616086464
ERR20616084368	ERR2061608496
ERR20616084368	ERR20616085976
ERR20616084368	ERR20616087184
ERR20616084368	ERR20616085840
ERR20616084368	ERR20616084528
ERR20616084368	ERR20616084224
ERR20616084368	ERR20616084184
ERR20616084368	ERR20616081912
ERR20616084368	ERR20616082528
ERR20616084368	ERR2061608432
ERR20616084368	ERR20616084096
ERR20616084368	ERR20616082040
ERR20616084368	ERR20616081872
ERR20616084368	ERR20616084824
ERR20616084368	ERR20616086984
ERR20616084368	ERR20616085944
ERR20616084368	ERR2061608384
ERR20616084368	ERR20616086072
ERR20616084368	ERR20616082952
ERR20616084368	ERR2061608424
ERR20616084368	ERR20616082080
ERR20616084368	ERR20616082888
ERR20616084368	ERR20616086136
ERR20616084368	ERR20616084936
ERR20616084368	ERR20616086576
ERR20616084368	ERR20616087288
ERR20616084368	ERR2061608392
ERR20616084368	ERR20616084472
ERR20616084368	ERR20616082856
ERR20616084368	ERR2061608528
ERR20616084368	ERR20616081992
ERR20616084368	ERR20616085824
ERR20616084368	ERR20616081736
ERR20616084368	ERR20616084280
ERR20616084368	ERR20616083312
ERR20616084368	ERR20616084488
ERR20616084368	ERR20616082800
ERR20616084368	ERR20616087048
ERR20616084368	ERR20616082912
ERR20616084368	ERR20616087144
ERR20616084368	ERR20616086056
ERR20616084368	ERR20616083896
ERR20616084368	ERR20616082440
ERR20616084368	ERR20616085960
ERR20616084368	ERR20616087344
ERR20616084368	ERR20616087336
ERR20616084368	ERR20616087384
ERR20616084368	ERR20616082488
ERR20616081176	ERR20616081176
ERR20616081176	ERR20616081088
ERR20616081176	ERR20616081360
ERR20616081176	ERR20616081312
ERR20616081176	ERR20616081224
ERR20616081176	ERR20616081192
ERR20616081176	ERR20616081296
ERR20616081176	ERR20616081288
ERR20616081176	ERR20616084552
ERR20616081176	ERR20616081040
ERR20616081176	ERR20616081064
ERR20616081176	ERR20616081240
ERR20616081176	ERR20616081264
ERR20616081176	ERR20616081256
ERR20616081176	ERR20616081248
ERR20616081176	ERR20616081144
ERR20616087264	ERR20616087264
ERR20616081024	ERR20616081024
ERR20616081024	ERR20616081000
ERR20616081024	ERR2061608960
ERR20616081024	ERR2061608976
ERR20616081024	ERR2061608984
ERR20616081024	ERR20616084568
ERR20616081024	ERR20616081008
ERR20616081024	ERR20616084576
ERR20616081024	ERR20616085512
ERR20616081024	ERR20616081032
ERR20616081024	ERR20616084600
ERR20616081024	ERR20616085456
ERR20616081024	ERR20616085504
ERR20616081024	ERR20616081072
ERR20616083392	ERR20616083392
ERR206160816	ERR206160816
ERR20616082784	ERR20616082784
ERR20616082784	ERR20616083728
ERR20616082784	ERR20616087080
ERR20616082784	ERR20616085888
ERR20616082784	ERR20616084272
ERR20616082784	ERR20616084392
ERR20616082784	ERR2061608456
ERR20616082784	ERR20616084464
ERR20616082784	ERR2061608832
ERR20616082784	ERR20616083984
ERR20616082784	ERR20616086152
ERR20616082784	ERR20616083560
ERR20616082784	ERR20616087152
ERR20616082784	ERR20616081808
ERR20616082784	ERR20616083816
ERR20616082784	ERR20616082904
ERR20616082784	ERR2061608928
ERR20616082784	ERR20616085008
ERR20616082784	ERR2061608296
ERR20616082784	ERR20616086696
ERR20616082784	ERR20616082696
ERR20616082784	ERR20616086160
ERR20616082784	ERR20616083584
ERR20616082784	ERR20616083936
ERR20616082784	ERR20616082992
ERR20616082784	ERR20616083760
ERR20616082784	ERR2061608272
ERR20616082784	ERR20616083368
ERR20616082784	ERR20616084832
ERR20616082784	ERR20616087232
ERR20616082784	ERR20616082536
ERR20616082784	ERR20616086016
ERR20616082784	ERR20616085936
ERR20616082784	ERR20616081960
ERR20616082784	ERR20616086528
ERR20616082784	ERR20616083288
ERR20616082784	ERR20616087136
ERR20616082784	ERR20616084112
ERR20616082784	ERR20616086880
ERR20616082784	ERR20616081136
ERR20616082784	ERR20616082120
ERR20616082784	ERR20616083088
ERR2061608336	ERR2061608336
ERR20616084440	ERR20616084440
